"Variables","VIF"
"PC1",1.04515125774039
"PC2",1.17953331597541
"PC3",1.15062989621965
"PC4",1.03358858964743
"rugosity",1.04314094035334
