scenario,group,var_delta_env,var_delta_comb,n
SSP1-1.9 2050,generalist,0.0036763129182979816,0.006993336137879891,29
SSP1-1.9 2050,specialist,0.009044455226780584,0.006133228876314784,11
SSP1-1.9 2100,generalist,0.00373310054551282,0.007119786808094343,29
SSP1-1.9 2100,specialist,0.008903108884237133,0.006014154007196375,11
SSP5-8.5 2050,generalist,0.0037892433618698608,0.007122542370105858,29
SSP5-8.5 2050,specialist,0.00899595223261211,0.006067705508937843,11
SSP5-8.5 2100,generalist,0.0036134046634519585,0.0075264521837787104,29
SSP5-8.5 2100,specialist,0.007845039636029602,0.005411259298470949,11
