scenario,t_value,df,p_value,significance,mean_generalist,mean_specialist
ssp119_2050,-0.357,11.09,0.7280627783997774,ns,-120,-66.7
ssp119_2100,-0.404,11.08,0.6935903731082353,ns,-120.5,-60.6
ssp585_2050,-0.34,11.29,0.7398670214897374,ns,-117.5,-66.3
ssp585_2100,-0.504,10.98,0.6242139613510311,ns,-100,-26
